{"cameraMode":{"drawMode":0,"name":"Shaded","section":"Shading Mode"},"sceneLighting":true,"audioPlay":false,"sceneViewState":{"m_AlwaysRefresh":false,"showFog":true,"showSkybox":true,"showFlares":true,"showImageEffects":true,"showParticleSystems":true,"showVisualEffectGraphs":true,"m_FxEnabled":true},"in2DMode":false,"pivot":{"x":31.46209144592285,"y":-43.71302032470703,"z":38.27719497680664},"rotation":{"x":-0.6073904633522034,"y":0.0076234652660787109,"z":-0.005829754285514355,"w":-0.7943400740623474},"size":53.20060729980469,"orthographic":false}